{"issues":[],"originID":"2ce0cb73-8767-4292-924a-78aa0a25bf89","originEID":"mc-cys54qp6r821t-bh8ky7kcck4","data":{"name":"University Announcement Details","categoryId":"{{mcpm#/entities/categories/8492/data/id}}","description":"","isFrozen":false,"queryText":"select c.Id as contactId,c.FirstName as contactName,c.Email as contactEmail, c.mobilephone as phoneNumber,\na.name as announcementName,a.title,a.name,a.announcementId,\na.university, a.department, a.program, a.term, a.userGroup,a.startdate,a.enddate,a.createdDate,\nu.Id as userId,\nconcat('https://student.lumen.u-next.com/s/un-announcement/',a.announcementId) as announcementLink,\nconcat('New',' ',a.recordType,' ','Published') as bellTitle,\nconcat('A new',' ',a.recordType,' ','has been published','.') as body,\na.recordType as recordType,\ncase\nwhen a.university is not null then \nconcat(a.announcementId, c.Id,a.startDate, a.endDate) end as uniqueId\nfrom {{mcpm#/entities/dataExtensions/6f4d45b0-485c-ed11-ba55-f40343ce89d0/data/namePrefix}}[{{mcpm#/entities/dataExtensions/6f4d45b0-485c-ed11-ba55-f40343ce89d0/data/name}}] as a\n\njoin {{mcpm#/entities/dataExtensions/8eeab222-ee04-ed11-ba48-f40343d02ec8/data/namePrefix}}[{{mcpm#/entities/dataExtensions/8eeab222-ee04-ed11-ba48-f40343d02ec8/data/name}}] as a1\non a1.Name = a.university\n\njoin {{mcpm#/entities/dataExtensions/8eeab222-ee04-ed11-ba48-f40343d02ec8/data/namePrefix}}[{{mcpm#/entities/dataExtensions/8eeab222-ee04-ed11-ba48-f40343d02ec8/data/name}}] as a2\non a2.parentId = a1.Id\n\njoin {{mcpm#/entities/dataExtensions/8eeab222-ee04-ed11-ba48-f40343d02ec8/data/namePrefix}}[{{mcpm#/entities/dataExtensions/8eeab222-ee04-ed11-ba48-f40343d02ec8/data/name}}] as a3\non a3.parentId = a2.Id\n\njoin {{mcpm#/entities/dataExtensions/c329c7b1-ef04-ed11-ba48-f40343d02ec8/data/namePrefix}}[{{mcpm#/entities/dataExtensions/c329c7b1-ef04-ed11-ba48-f40343d02ec8/data/name}}] as pe\non pe.hed__Account__c = a3.Id\n\njoin {{mcpm#/entities/dataExtensions/8f25658f-ec04-ed11-ba48-f40343d02ec8/data/namePrefix}}[{{mcpm#/entities/dataExtensions/8f25658f-ec04-ed11-ba48-f40343d02ec8/data/name}}] as c\non c.Id = pe.hed__Contact__c\n\njoin {{mcpm#/entities/dataExtensions/aed3e2b6-ec04-ed11-ba48-f40343d02ec8/data/namePrefix}}[{{mcpm#/entities/dataExtensions/aed3e2b6-ec04-ed11-ba48-f40343d02ec8/data/name}}] as u\non u.Id= c.lumen__User__c\n\nwhere a.university is not null and a.department is null\nand u.IsActive=1 and hed__Enrollment_Status__c='Active' \nand a.endDate > = getUTCDate()\n\n","targetId":"{{mcpm#/entities/dataExtensions/754d45b0-485c-ed11-ba55-f40343ce89d0/data/id}}","targetUpdateTypeId":2,"targetUpdateTypeName":"Append"}}