{"issues":[],"originID":"3030fb27-4b3e-4322-9026-c4c94309907b","originEID":"mc-cys54qp6r821t-bh8ky7kcck4","data":{"name":"Program Announcement Details","categoryId":"{{mcpm#/entities/categories/8492/data/id}}","description":"","isFrozen":false,"queryText":"select c.Id as contactId,c.FirstName as contactName,c.Email as contactEmail, c.Mobilephone as phoneNumber,\na.title,a.name,a.announcementId,\na.university, a.department, a.program, a.term, a.userGroup,a.startdate,a.enddate,a.createdDate,\nu.Id as userId,acc1.id as departmentid,\nconcat('https://student.lumen.u-next.com/s/un-announcement/',a.announcementId) as announcementLink,\nconcat('New',' ',a.recordType,' ','Published') as bellTitle,\nconcat('A new',' ',a.recordType,' ','has been published','.') as body,\na.recordType as recordType,\ncase\nwhen a.program is not null then \nconcat(a.announcementId, c.Id,a.startDate,a.endDate) end as uniqueId\nfrom {{mcpm#/entities/dataExtensions/6f4d45b0-485c-ed11-ba55-f40343ce89d0/data/namePrefix}}[{{mcpm#/entities/dataExtensions/6f4d45b0-485c-ed11-ba55-f40343ce89d0/data/name}}] as a\n\njoin {{mcpm#/entities/dataExtensions/8eeab222-ee04-ed11-ba48-f40343d02ec8/data/namePrefix}}[{{mcpm#/entities/dataExtensions/8eeab222-ee04-ed11-ba48-f40343d02ec8/data/name}}] as acc\non acc.name = a.program\n\njoin {{mcpm#/entities/dataExtensions/8eeab222-ee04-ed11-ba48-f40343d02ec8/data/namePrefix}}[{{mcpm#/entities/dataExtensions/8eeab222-ee04-ed11-ba48-f40343d02ec8/data/name}}] as acc1\non acc1.id = acc.parentid\n\njoin {{mcpm#/entities/dataExtensions/c329c7b1-ef04-ed11-ba48-f40343d02ec8/data/namePrefix}}[{{mcpm#/entities/dataExtensions/c329c7b1-ef04-ed11-ba48-f40343d02ec8/data/name}}] as pe\non pe.hed__account__c = acc.id\n\njoin {{mcpm#/entities/dataExtensions/8f25658f-ec04-ed11-ba48-f40343d02ec8/data/namePrefix}}[{{mcpm#/entities/dataExtensions/8f25658f-ec04-ed11-ba48-f40343d02ec8/data/name}}] as c\non c.Id= pe.hed__Contact__c\n\njoin {{mcpm#/entities/dataExtensions/aed3e2b6-ec04-ed11-ba48-f40343d02ec8/data/namePrefix}}[{{mcpm#/entities/dataExtensions/aed3e2b6-ec04-ed11-ba48-f40343d02ec8/data/name}}] as u\non u.Id= c.lumen__User__c\n\nwhere a.program is not null and a.term is null and a.userGroup is null \nand u.IsActive=1  \nand [hed__Enrollment_Status__c]='Active'\nand a.endDate > = getUTCDate()\n\n","targetId":"{{mcpm#/entities/dataExtensions/754d45b0-485c-ed11-ba55-f40343ce89d0/data/id}}","targetUpdateTypeId":2,"targetUpdateTypeName":"Append"}}