{"issues":[],"originID":"50852dfd-a9ec-4e64-9cf0-bafa35e7fb3c","originEID":"mc-cys54qp6r821t-bh8ky7kcck4","data":{"name":"User Group Announcement Details","categoryId":"{{mcpm#/entities/categories/8492/data/id}}","description":"","isFrozen":false,"queryText":"select c.Id as contactId,c.FirstName as contactName,c.Email as contactEmail, c.Mobilephone as phoneNumber,\na.name as announcementName,a.title,a.name,a.announcementId,\na.university, a.department, a.program, a.term, a.userGroup,a.startdate,a.enddate,a.createdDate,\nu.Id as userId,acc1.id as departmentid,\na.recordType,a.recordTypeId,\nconcat('https://student.lumen.u-next.com/s/un-announcement/',a.announcementId) as announcementLink,\nconcat('New',' ',a.recordType,' ','Published') as bellTitle,\nconcat('A new',' ',a.recordType,' ','has been published','.') as body,\n\ncase\nwhen a.userGroup is not null then\nconcat(a.announcementId,c.Id,a.startDate,a.endDate) end as uniqueId\n\nfrom {{mcpm#/entities/dataExtensions/6f4d45b0-485c-ed11-ba55-f40343ce89d0/data/namePrefix}}[{{mcpm#/entities/dataExtensions/6f4d45b0-485c-ed11-ba55-f40343ce89d0/data/name}}] as a\njoin {{mcpm#/entities/dataExtensions/1c5fe31c-ef04-ed11-ba48-f40343d02ec8/data/namePrefix}}[{{mcpm#/entities/dataExtensions/1c5fe31c-ef04-ed11-ba48-f40343d02ec8/data/name}}] as ug\non ug.Name = a.userGroup\n\njoin {{mcpm#/entities/dataExtensions/d9d5ecb1-aa5e-ed11-ba55-f40343ce89d0/data/namePrefix}}[{{mcpm#/entities/dataExtensions/d9d5ecb1-aa5e-ed11-ba55-f40343ce89d0/data/name}}] as t\non t.id = ug.lumen__unTerm__c\n\njoin {{mcpm#/entities/dataExtensions/8eeab222-ee04-ed11-ba48-f40343d02ec8/data/namePrefix}}[{{mcpm#/entities/dataExtensions/8eeab222-ee04-ed11-ba48-f40343d02ec8/data/name}}] as acc\non acc.id = t.hed__Account__c\n\njoin {{mcpm#/entities/dataExtensions/8eeab222-ee04-ed11-ba48-f40343d02ec8/data/namePrefix}}[{{mcpm#/entities/dataExtensions/8eeab222-ee04-ed11-ba48-f40343d02ec8/data/name}}] as acc1\non acc1.id = acc.parentid\n\njoin {{mcpm#/entities/dataExtensions/0a5fe31c-ef04-ed11-ba48-f40343d02ec8/data/namePrefix}}[{{mcpm#/entities/dataExtensions/0a5fe31c-ef04-ed11-ba48-f40343d02ec8/data/name}}] as ugm\non ugm.lumen__unGroup__c = ug.Id\n\njoin {{mcpm#/entities/dataExtensions/8f25658f-ec04-ed11-ba48-f40343d02ec8/data/namePrefix}}[{{mcpm#/entities/dataExtensions/8f25658f-ec04-ed11-ba48-f40343d02ec8/data/name}}] as c\non c.Id= ugm.lumen__unContact__c\n\njoin {{mcpm#/entities/dataExtensions/aed3e2b6-ec04-ed11-ba48-f40343d02ec8/data/namePrefix}}[{{mcpm#/entities/dataExtensions/aed3e2b6-ec04-ed11-ba48-f40343d02ec8/data/name}}] as u\non u.Id= c.lumen__User__c\n\nwhere a.userGroup is not null\nand u.IsActive=1 and ug.lumen__unActive__c = 1 \nand c.Id In (select hed__Contact__c from {{mcpm#/entities/dataExtensions/c329c7b1-ef04-ed11-ba48-f40343d02ec8/data/namePrefix}}[{{mcpm#/entities/dataExtensions/c329c7b1-ef04-ed11-ba48-f40343d02ec8/data/name}}] \nwhere hed__Enrollment_Status__c='Active')\nand a.endDate > = getUTCDate()\n","targetId":"{{mcpm#/entities/dataExtensions/754d45b0-485c-ed11-ba55-f40343ce89d0/data/id}}","targetUpdateTypeId":2,"targetUpdateTypeName":"Append"}}