{"issues":[],"originID":"543f00b8-efe4-4dde-8226-2fde0731b1a8","originEID":"mc-cys54qp6r821t-bh8ky7kcck4","data":{"name":"Add Announcement data for mobile push","categoryId":"{{mcpm#/entities/categories/8492/data/id}}","description":"","isFrozen":false,"queryText":"select  a.uniqueId,\na.recordType,announcementLink, a.userid,channel\nfrom {{mcpm#/entities/dataExtensions/704d45b0-485c-ed11-ba55-f40343ce89d0/data/namePrefix}}[{{mcpm#/entities/dataExtensions/704d45b0-485c-ed11-ba55-f40343ce89d0/data/name}}] as a\nwhere concat(a.announcementId, a.contactId, a.startDate,a.endDate) \nnot IN (select  uniqueId from {{mcpm#/entities/dataExtensions/714d45b0-485c-ed11-ba55-f40343ce89d0/data/namePrefix}}[{{mcpm#/entities/dataExtensions/714d45b0-485c-ed11-ba55-f40343ce89d0/data/name}}])\nand channel like '%Mobile Push%'","targetId":"{{mcpm#/entities/dataExtensions/714d45b0-485c-ed11-ba55-f40343ce89d0/data/id}}","targetUpdateTypeId":1,"targetUpdateTypeName":"Update"}}