{"issues":[],"originID":"905e3114-eb41-4b75-a4fd-c3646a5eb223","originEID":"mc-cys54qp6r821t-bh8ky7kcck4","data":{"name":"New Announcement Record","categoryId":"{{mcpm#/entities/categories/8492/data/id}}","description":"","isFrozen":false,"queryText":"select a.Id as announcementId,a.Name, lumen__unTitle__c as title,\n[lumen__unUniversities_Selected__c] as university,[lumen__unImportant__c] as important,\n[lumen__unDepartments_Selected__c] as department, [lumen__unPrograms_Selected__c] as program,\n[lumen__unTerms_Selected__c] as term, [lumen__unUser_Groups_Selected__c] as userGroup, \ndateadd(minute,30,dateadd(hour,11,[lumen__unValid_From__c])) as startDate, \ndateadd(minute,30,dateadd(hour,11,[lumen__unValid_To__c])) as endDate,\na.LastModifiedDate,\ncase\nwhen a.RecordTypeId='0125g000000VqgvAAC' then 'announcement'\nwhen a.RecordTypeId='0125g000000VqgwAAC' then 'blog'\nend as recordType\nfrom {{mcpm#/entities/dataExtensions/356d0fcb-565f-ed11-ba55-f40343ce89d0/data/namePrefix}}[{{mcpm#/entities/dataExtensions/356d0fcb-565f-ed11-ba55-f40343ce89d0/data/name}}] as a\nwhere a.Id not In(select announcementId from {{mcpm#/entities/dataExtensions/734d45b0-485c-ed11-ba55-f40343ce89d0/data/namePrefix}}[{{mcpm#/entities/dataExtensions/734d45b0-485c-ed11-ba55-f40343ce89d0/data/name}}] as m \nwhere a.LastModifiedDate = m.LastModifiedDate )\nand [lumen__unValid_To__c] >= getUTCDate() \nand (\n(datepart(day,dateadd(minute,30,dateadd(hour,11,[lumen__unValid_From__c]))) = datepart(day,getUTCDate())\nand datepart(month,dateadd(minute,30,dateadd(hour,11,[lumen__unValid_From__c]))) = datepart(month,getUTCDate())\n) \nor [lumen__unValid_From__c] < getUTCDate())","targetId":"{{mcpm#/entities/dataExtensions/744d45b0-485c-ed11-ba55-f40343ce89d0/data/id}}","targetUpdateTypeId":0,"targetUpdateTypeName":"Overwrite"}}