{"issues":[],"originID":"9b4f079b-6b79-425c-90e6-08d0b0d12a11","originEID":"mc-cys54qp6r821t-bh8ky7kcck4","data":{"name":"Add ALC details to Announcement Sendable","categoryId":"{{mcpm#/entities/categories/8492/data/id}}","description":"","isFrozen":false,"queryText":"select alc.lumen__Sender_Email_Name__c as fromName,alc.lumen__Sender_Email_Pofile__c as emailFromAddress,\nalc.lumen__SMS_Sender_Profile__c as SMSSender,alc.lumen__WA_Sender_Profile__c as WASender,\nalc.lumen__Channel__c as channel,alc.lumen__Email_Signature_Multiline__c as signature,\nuniqueId ,elh.LetterheadHeader as emailHeader,elh.LetterheadFooter as emailFooter\nfrom {{mcpm#/entities/dataExtensions/704d45b0-485c-ed11-ba55-f40343ce89d0/data/namePrefix}}[{{mcpm#/entities/dataExtensions/704d45b0-485c-ed11-ba55-f40343ce89d0/data/name}}] as a\nInner Join {{mcpm#/entities/dataExtensions/9c8b44c7-9565-ed11-ba55-f40343ce89d0/data/namePrefix}}[{{mcpm#/entities/dataExtensions/9c8b44c7-9565-ed11-ba55-f40343ce89d0/data/name}}] as alc\non alc.lumen__Account__c = a.departmentId\nINNER JOIN {{mcpm#/entities/dataExtensions/5581e964-ab5e-ed11-ba55-f40343ce89d0/data/namePrefix}}[{{mcpm#/entities/dataExtensions/5581e964-ab5e-ed11-ba55-f40343ce89d0/data/name}}] as elh\non elh.id = alc.lumen__Email_Letterhead_Name__c\nwhere lumen__type__c='SFMC' and lumen__Is_Active__c='True'\nand a.sentstatus='False'","targetId":"{{mcpm#/entities/dataExtensions/704d45b0-485c-ed11-ba55-f40343ce89d0/data/id}}","targetUpdateTypeId":1,"targetUpdateTypeName":"Update"}}