{"issues":[],"originID":"a7c161b8-4684-4167-8cd1-72eed06de633","originEID":"mc-cys54qp6r821t-bh8ky7kcck4","data":{"name":"term Announcement Details","categoryId":"{{mcpm#/entities/categories/8492/data/id}}","description":"","isFrozen":false,"queryText":"select c.Id as contactId,c.FirstName as contactName,c.Email as contactEmail, c.Mobilephone as phoneNumber,\na.name as announcementName,a.title,a.name,a.announcementId,\na.university, a.department, a.program, a.term, a.userGroup,a.startdate,a.enddate,a.createdDate,\nu.Id as userId,acc1.id as departmentid,\n\nconcat('https://student.lumen.u-next.com/s/un-announcement/',a.announcementId) as announcementLink,\nconcat('New',' ',a.recordType,' ','Published') as bellTitle,\nconcat('A new',' ',a.recordType,' ','has been published','.') as body,\n\ncase \nwhen a.term is not null then\nconcat(a.announcementid,c.id,a.startDate,a.endDate) end as uniqueid,\na.recordType as recordType\nfrom {{mcpm#/entities/dataExtensions/6f4d45b0-485c-ed11-ba55-f40343ce89d0/data/namePrefix}}[{{mcpm#/entities/dataExtensions/6f4d45b0-485c-ed11-ba55-f40343ce89d0/data/name}}]  as a\n\njoin {{mcpm#/entities/dataExtensions/d9d5ecb1-aa5e-ed11-ba55-f40343ce89d0/data/namePrefix}}[{{mcpm#/entities/dataExtensions/d9d5ecb1-aa5e-ed11-ba55-f40343ce89d0/data/name}}] as t\non a.term = t.Name\n\njoin {{mcpm#/entities/dataExtensions/8eeab222-ee04-ed11-ba48-f40343d02ec8/data/namePrefix}}[{{mcpm#/entities/dataExtensions/8eeab222-ee04-ed11-ba48-f40343d02ec8/data/name}}] as acc\non acc.id = t.hed__Account__c\n\njoin {{mcpm#/entities/dataExtensions/8eeab222-ee04-ed11-ba48-f40343d02ec8/data/namePrefix}}[{{mcpm#/entities/dataExtensions/8eeab222-ee04-ed11-ba48-f40343d02ec8/data/name}}] as acc1\non acc1.id = acc.parentid\n\njoin {{mcpm#/entities/dataExtensions/eb1177a4-605f-ed11-ba55-f40343ce89d0/data/namePrefix}}[{{mcpm#/entities/dataExtensions/eb1177a4-605f-ed11-ba55-f40343ce89d0/data/name}}] as te\non te.lumen__Term__c = t.Id\n\njoin {{mcpm#/entities/dataExtensions/8f25658f-ec04-ed11-ba48-f40343d02ec8/data/namePrefix}}[{{mcpm#/entities/dataExtensions/8f25658f-ec04-ed11-ba48-f40343d02ec8/data/name}}] as c\non c.Id= te.lumen__Contact__c\n\njoin {{mcpm#/entities/dataExtensions/aed3e2b6-ec04-ed11-ba48-f40343d02ec8/data/namePrefix}}[{{mcpm#/entities/dataExtensions/aed3e2b6-ec04-ed11-ba48-f40343d02ec8/data/name}}] as u\non u.Id= c.lumen__User__c\n\nwhere a.term is not null  and a.userGroup is null and u.IsActive=1\nand c.Id In (select hed__Contact__c from {{mcpm#/entities/dataExtensions/c329c7b1-ef04-ed11-ba48-f40343d02ec8/data/namePrefix}}[{{mcpm#/entities/dataExtensions/c329c7b1-ef04-ed11-ba48-f40343d02ec8/data/name}}] \nwhere hed__Enrollment_Status__c='Active')\nand a.endDate > = getUTCDate()\n\n\n","targetId":"{{mcpm#/entities/dataExtensions/754d45b0-485c-ed11-ba55-f40343ce89d0/data/id}}","targetUpdateTypeId":2,"targetUpdateTypeName":"Append"}}