{"issues":[],"originID":"b660a255-8835-4ba8-b05b-bd8a25e0209e","originEID":"mc-cys54qp6r821t-bh8ky7kcck4","data":{"name":"Update Master Annoucement","categoryId":"{{mcpm#/entities/categories/8492/data/id}}","description":"","isFrozen":false,"queryText":"select announcementid,name,title,startdate,enddate,university,program,term,usergroup,department,\nLastModifiedDate\nfrom {{mcpm#/entities/dataExtensions/744d45b0-485c-ed11-ba55-f40343ce89d0/data/namePrefix}}[{{mcpm#/entities/dataExtensions/744d45b0-485c-ed11-ba55-f40343ce89d0/data/name}}]","targetId":"{{mcpm#/entities/dataExtensions/734d45b0-485c-ed11-ba55-f40343ce89d0/data/id}}","targetUpdateTypeId":1,"targetUpdateTypeName":"Update"}}