{"issues":[],"originID":"f33cefb7-9cd2-4c54-9b3f-e985db6e95ad","originEID":"mc-cys54qp6r821t-bh8ky7kcck4","data":{"name":"Delete Announcement","categoryId":"{{mcpm#/entities/categories/8492/data/id}}","description":"","isFrozen":false,"queryText":"select\n    top 1 contactid,\n    uniqueId\nfrom\n    {{mcpm#/entities/dataExtensions/704d45b0-485c-ed11-ba55-f40343ce89d0/data/namePrefix}}[{{mcpm#/entities/dataExtensions/704d45b0-485c-ed11-ba55-f40343ce89d0/data/name}}]\nwhere\n    1 = 2","targetId":"{{mcpm#/entities/dataExtensions/754d45b0-485c-ed11-ba55-f40343ce89d0/data/id}}","targetUpdateTypeId":0,"targetUpdateTypeName":"Overwrite"}}