{"issues":[],"originID":"fe5968b1-afcd-4c4a-9a8e-e3db6dcd33ab","originEID":"mc-cys54qp6r821t-bh8ky7kcck4","data":{"name":"Add to Announcement Temp","categoryId":"{{mcpm#/entities/categories/8492/data/id}}","description":"","isFrozen":false,"queryText":"select a.contactId, a.contactName, a.contactEmail, a.phoneNumber, \na.title, a.name, a.announcementId, a.university, a.department, a.program, a.term, \na.userGroup, a.startdate, a.endDate, a.createdDate, a.userId, a.uniqueId,a.departmentId,\nannouncementLink, bellTitle,body,recordtype\n\n\nfrom\n(select contactId, contactName, contactEmail, phoneNumber, Name, title,  announcementId, \nuniversity, department, program, term, userGroup, startdate, endDate, createdDate, userId,uniqueId,\ndepartmentId,announcementLink, bellTitle, body,recordtype,\nROW_NUMBER() over (partition by uniqueid\norder by uniqueid) RowNumber  \nfrom {{mcpm#/entities/dataExtensions/754d45b0-485c-ed11-ba55-f40343ce89d0/data/namePrefix}}[{{mcpm#/entities/dataExtensions/754d45b0-485c-ed11-ba55-f40343ce89d0/data/name}}]) a\nwhere a.RowNumber = 1\nand concat(a.announcementId, a.contactId, a.startDate,a.endDate) not IN (select  uniqueId from {{mcpm#/entities/dataExtensions/704d45b0-485c-ed11-ba55-f40343ce89d0/data/namePrefix}}[{{mcpm#/entities/dataExtensions/704d45b0-485c-ed11-ba55-f40343ce89d0/data/name}}])","targetId":"{{mcpm#/entities/dataExtensions/704d45b0-485c-ed11-ba55-f40343ce89d0/data/id}}","targetUpdateTypeId":1,"targetUpdateTypeName":"Update"}}