{"issues":[],"originID":"498801d4-0716-4ccc-bd40-32a306aabef6","originEID":"mc-cys54qp6r821t-bh8ky7kcck4","data":{"name":"Split String Script","script":"<script runat=\"server\">\nPlatform.Load(\"core\",1);\n  \n var resobject={}\n try {\n\n\nvar myDE = DataExtension.Init(\"{{mcpm#/entities/dataExtensions/744d45b0-485c-ed11-ba55-f40343ce89d0/data/customerKey}}\");\n\nvar data = myDE.Rows.Retrieve();  \nfor(var j=0;j<data.length;j++)\n{\nvar id = data[j].announcementId\nvar title = data[j].title\nvar name = data[j].Name\nvar startdate = data[j].startDate\nvar endDate = data[j].endDate\nvar recordTypeId = data[j].recordTypeId\nvar recordType = data[j].recordType\nvar university = data[j].university\nvar dept = splitString(data[j].department);\nvar term = splitString(data[j].term);\nvar usergroup = splitString(data[j].userGroup);\nvar program = splitString(data[j].program);\n\n\nif(university!='' && dept=='' && program==''){\nresobject.university= university;\nresobject.announcementid = id;\nresobject.title = title;\nresobject.name = name;\nresobject.startdate = startdate;\nresobject.endDate = endDate;\nresobject.recordTypeId = recordTypeId;\nresobject.recordType = recordType;\nresobject.UniqueId = id + university\n var addedRowCount = Platform.Function.UpsertData(\n        '{{mcpm#/entities/dataExtensions/6f4d45b0-485c-ed11-ba55-f40343ce89d0/data/name}}',\n        [\"UniqueId\"],[resobject.UniqueId],\n        ['title', 'Name', 'startDate', 'endDate','university','announcementId','recordTypeId','recordType'],\n        [resobject.title, resobject.name, resobject.startdate, resobject.endDate,resobject.university,resobject.announcementid,resobject.recordTypeId,resobject.recordType]\n    );\nWrite('Rows added: ' + Stringify(addedRowCount));\n\n\n}\nif(dept!='' && program=='') {\nfor(var i=0;i<dept.length;i++)\n{\nresobject.dept= dept[i];\nresobject.announcementid = id;\nresobject.title = title;\nresobject.name = name;\nresobject.startdate = startdate;\nresobject.endDate = endDate;\nresobject.recordTypeId = recordTypeId;\nresobject.recordType = recordType;\nresobject.UniqueId = id + dept[i];\n var addedRowCount = Platform.Function.UpsertData(\n        '{{mcpm#/entities/dataExtensions/6f4d45b0-485c-ed11-ba55-f40343ce89d0/data/name}}',\n   [\"UniqueId\"],[resobject.UniqueId],\n        ['title', 'Name', 'startDate', 'endDate','department','announcementId','recordTypeId','recordType'],\n        [resobject.title, resobject.name, resobject.startdate, resobject.endDate,resobject.dept,resobject.announcementid,resobject.recordTypeId,resobject.recordType]\n    );\nWrite('Rows added: ' + Stringify(addedRowCount));\n\n}\n}\n  \nif(program!='' && term=='') {\nfor(var i=0;i<program.length;i++)\n{\nresobject.program= program[i];\nresobject.announcementid = id;\nresobject.title = title;\nresobject.name = name;\nresobject.startdate = startdate;\nresobject.endDate = endDate;\nresobject.recordTypeId = recordTypeId;\nresobject.recordType = recordType;\n  resobject.UniqueId = id + program[i];\n var addedRowCount = Platform.Function.UpsertData(\n        '{{mcpm#/entities/dataExtensions/6f4d45b0-485c-ed11-ba55-f40343ce89d0/data/name}}',\n   [\"UniqueId\"],[resobject.UniqueId],\n        ['title', 'Name', 'startDate', 'endDate','program','announcementId','recordTypeId','recordType'],\n        [resobject.title, resobject.name, resobject.startdate, resobject.endDate,resobject.program,resobject.announcementid,resobject.recordTypeId,resobject.recordType]\n    );\nWrite('Rows added: ' + Stringify(addedRowCount));\n\n}\n}\n\nif(term!=='' && usergroup=='') {\nfor(var i=0;i<term.length;i++)\n{\nresobject.term= term[i];\nresobject.announcementid = id;\nresobject.title = title;\nresobject.name = name;\nresobject.startdate = startdate;\nresobject.endDate = endDate;\nresobject.recordTypeId = recordTypeId;\nresobject.recordType = recordType;\n  resobject.UniqueId = id + term[i];\n var addedRowCount = Platform.Function.UpsertData(\n        '{{mcpm#/entities/dataExtensions/6f4d45b0-485c-ed11-ba55-f40343ce89d0/data/name}}',\n   [\"UniqueId\"],[resobject.UniqueId],\n        ['title', 'Name', 'startDate', 'endDate','term','announcementId','recordTypeId','recordType'],\n        [resobject.title, resobject.name, resobject.startdate, resobject.endDate,resobject.term,resobject.announcementid,resobject.recordTypeId,resobject.recordType]\n    );\nWrite('Rows added: ' + Stringify(addedRowCount));\n\n}\n}  \nif(usergroup!=='') {\nfor(var i=0;i<usergroup.length;i++)\n{\nresobject.usergroup= usergroup[i];\nresobject.announcementid = id;\nresobject.title = title;\nresobject.name = name;\nresobject.startdate = startdate;\nresobject.endDate = endDate;\nresobject.recordTypeId = recordTypeId;\nresobject.recordType = recordType;\n  resobject.UniqueId = id + usergroup[i];\n var addedRowCount = Platform.Function.UpsertData(\n        '{{mcpm#/entities/dataExtensions/6f4d45b0-485c-ed11-ba55-f40343ce89d0/data/name}}',\n   [\"UniqueId\"],[resobject.UniqueId],\n        ['title', 'Name', 'startDate', 'endDate','usergroup','announcementId','recordTypeId','recordType'],\n        [resobject.title, resobject.name, resobject.startdate, resobject.endDate,resobject.usergroup,resobject.announcementid,resobject.recordTypeId,resobject.recordType]\n    );\nWrite('Rows added: ' + Stringify(addedRowCount));\n\n}\n}\n}\n} //try close\ncatch (error) \n{\n    Write(\"<br>error: \" + Stringify(error));\n}\n  \nfunction splitString(str){\n      var resultArray = [];\n      var resobject={};\n      var tempString = '';               \n      for(var i = 0; i< str.length;i++){ \n          if(str[i] !== ';'){            \n            tempString += str[i];        \n           } else if(tempString.replace(/ /g,'')){\n            resultArray.push(tempString);\n            tempString = \"\";             \n          }\n      }\n   if(tempString){                      \n         resultArray.push(tempString);    \n      }\n      return resultArray;               \n   }\n\n\n\n</script>","categoryId":"{{mcpm#/entities/categories/8494/data/id}}","description":""}}