{"issues":[],"originID":"bbbbd736-437d-4d11-af3a-cf02c99647bf","originEID":"mc-cys54qp6r821t-bh8ky7kcck4","data":{"categoryId":"{{mcpm#/entities/categories/15195/data/id}}","description":"","name":"SF Announcement ","steps":[{"activities":[{"name":"{{mcpm#/entities/queryActivities/905e3114-eb41-4b75-a4fd-c3646a5eb223/data/name}}","activityObjectId":"{{mcpm#/entities/queryActivities/905e3114-eb41-4b75-a4fd-c3646a5eb223/data/id}}","objectTypeId":300,"displayOrder":0,"serializedObject":"<QueryDefinition xmlns:xsd=\"http://www.w3.org/2001/XMLSchema\" xmlns:xsi=\"http://www.w3.org/2001/XMLSchema-instance\" xmlns=\"http://exacttarget.com/wsdl/partnerAPI\"><PartnerKey xsi:nil=\"true\" /><ObjectID>905e3114-eb41-4b75-a4fd-c3646a5eb223</ObjectID><Name>New Announcement Record</Name></QueryDefinition>"}],"annotation":"","name":""},{"activities":[{"name":"{{mcpm#/entities/scriptActivities/498801d4-0716-4ccc-bd40-32a306aabef6/data/name}}","activityObjectId":"{{mcpm#/entities/scriptActivities/498801d4-0716-4ccc-bd40-32a306aabef6/data/id}}","objectTypeId":423,"displayOrder":0,"serializedObject":"<SSJSActivity xmlns:xsd=\"http://www.w3.org/2001/XMLSchema\" xmlns:xsi=\"http://www.w3.org/2001/XMLSchema-instance\" xmlns=\"http://exacttarget.com/wsdl/partnerAPI\"><PartnerKey xsi:nil=\"true\" /><ObjectID>498801d4-0716-4ccc-bd40-32a306aabef6</ObjectID><Name>Split String Script</Name><CategoryId>0</CategoryId></SSJSActivity>"}],"annotation":"","name":""},{"activities":[{"name":"{{mcpm#/entities/queryActivities/2ce0cb73-8767-4292-924a-78aa0a25bf89/data/name}}","activityObjectId":"{{mcpm#/entities/queryActivities/2ce0cb73-8767-4292-924a-78aa0a25bf89/data/id}}","objectTypeId":300,"displayOrder":0,"serializedObject":"<QueryDefinition xmlns:xsd=\"http://www.w3.org/2001/XMLSchema\" xmlns:xsi=\"http://www.w3.org/2001/XMLSchema-instance\" xmlns=\"http://exacttarget.com/wsdl/partnerAPI\"><PartnerKey xsi:nil=\"true\" /><ObjectID>2ce0cb73-8767-4292-924a-78aa0a25bf89</ObjectID><Name>University Announcement Details</Name></QueryDefinition>"}],"annotation":"","name":""},{"activities":[{"name":"{{mcpm#/entities/queryActivities/80a59cdc-df09-4a03-84bb-0f0991f51088/data/name}}","activityObjectId":"{{mcpm#/entities/queryActivities/80a59cdc-df09-4a03-84bb-0f0991f51088/data/id}}","objectTypeId":300,"displayOrder":0,"serializedObject":"<QueryDefinition xmlns:xsd=\"http://www.w3.org/2001/XMLSchema\" xmlns:xsi=\"http://www.w3.org/2001/XMLSchema-instance\" xmlns=\"http://exacttarget.com/wsdl/partnerAPI\"><PartnerKey xsi:nil=\"true\" /><ObjectID>80a59cdc-df09-4a03-84bb-0f0991f51088</ObjectID><Name>Department Announcement Details</Name></QueryDefinition>"}],"annotation":"","name":""},{"activities":[{"name":"{{mcpm#/entities/queryActivities/3030fb27-4b3e-4322-9026-c4c94309907b/data/name}}","activityObjectId":"{{mcpm#/entities/queryActivities/3030fb27-4b3e-4322-9026-c4c94309907b/data/id}}","objectTypeId":300,"displayOrder":0,"serializedObject":"<QueryDefinition xmlns:xsd=\"http://www.w3.org/2001/XMLSchema\" xmlns:xsi=\"http://www.w3.org/2001/XMLSchema-instance\" xmlns=\"http://exacttarget.com/wsdl/partnerAPI\"><PartnerKey xsi:nil=\"true\" /><ObjectID>3030fb27-4b3e-4322-9026-c4c94309907b</ObjectID><Name>Program Announcement Details</Name></QueryDefinition>"}],"annotation":"","name":""},{"activities":[{"name":"{{mcpm#/entities/queryActivities/a7c161b8-4684-4167-8cd1-72eed06de633/data/name}}","activityObjectId":"{{mcpm#/entities/queryActivities/a7c161b8-4684-4167-8cd1-72eed06de633/data/id}}","objectTypeId":300,"displayOrder":0,"serializedObject":"<QueryDefinition xmlns:xsd=\"http://www.w3.org/2001/XMLSchema\" xmlns:xsi=\"http://www.w3.org/2001/XMLSchema-instance\" xmlns=\"http://exacttarget.com/wsdl/partnerAPI\"><PartnerKey xsi:nil=\"true\" /><ObjectID>a7c161b8-4684-4167-8cd1-72eed06de633</ObjectID><Name>term Announcement Details</Name></QueryDefinition>"}],"annotation":"","name":""},{"activities":[{"name":"{{mcpm#/entities/queryActivities/50852dfd-a9ec-4e64-9cf0-bafa35e7fb3c/data/name}}","activityObjectId":"{{mcpm#/entities/queryActivities/50852dfd-a9ec-4e64-9cf0-bafa35e7fb3c/data/id}}","objectTypeId":300,"displayOrder":0,"serializedObject":"<QueryDefinition xmlns:xsd=\"http://www.w3.org/2001/XMLSchema\" xmlns:xsi=\"http://www.w3.org/2001/XMLSchema-instance\" xmlns=\"http://exacttarget.com/wsdl/partnerAPI\"><PartnerKey xsi:nil=\"true\" /><ObjectID>50852dfd-a9ec-4e64-9cf0-bafa35e7fb3c</ObjectID><Name>User Group Announcement Details</Name></QueryDefinition>"}],"annotation":"","name":""},{"activities":[{"name":"{{mcpm#/entities/queryActivities/fe5968b1-afcd-4c4a-9a8e-e3db6dcd33ab/data/name}}","activityObjectId":"{{mcpm#/entities/queryActivities/fe5968b1-afcd-4c4a-9a8e-e3db6dcd33ab/data/id}}","objectTypeId":300,"displayOrder":0,"serializedObject":"<QueryDefinition xmlns:xsd=\"http://www.w3.org/2001/XMLSchema\" xmlns:xsi=\"http://www.w3.org/2001/XMLSchema-instance\" xmlns=\"http://exacttarget.com/wsdl/partnerAPI\"><PartnerKey xsi:nil=\"true\" /><ObjectID>fe5968b1-afcd-4c4a-9a8e-e3db6dcd33ab</ObjectID><Name>Add to Announcement Temp</Name></QueryDefinition>"}],"annotation":"","name":""},{"activities":[{"name":"{{mcpm#/entities/queryActivities/9b4f079b-6b79-425c-90e6-08d0b0d12a11/data/name}}","activityObjectId":"{{mcpm#/entities/queryActivities/9b4f079b-6b79-425c-90e6-08d0b0d12a11/data/id}}","objectTypeId":300,"displayOrder":0,"serializedObject":"<QueryDefinition xmlns:xsd=\"http://www.w3.org/2001/XMLSchema\" xmlns:xsi=\"http://www.w3.org/2001/XMLSchema-instance\" xmlns=\"http://exacttarget.com/wsdl/partnerAPI\"><PartnerKey xsi:nil=\"true\" /><ObjectID>9b4f079b-6b79-425c-90e6-08d0b0d12a11</ObjectID><Name>Add ALC details to Announcement Sendable</Name></QueryDefinition>"}],"annotation":"","name":""},{"activities":[{"name":"{{mcpm#/entities/queryActivities/543f00b8-efe4-4dde-8226-2fde0731b1a8/data/name}}","activityObjectId":"{{mcpm#/entities/queryActivities/543f00b8-efe4-4dde-8226-2fde0731b1a8/data/id}}","objectTypeId":300,"displayOrder":0,"serializedObject":"<QueryDefinition xmlns:xsd=\"http://www.w3.org/2001/XMLSchema\" xmlns:xsi=\"http://www.w3.org/2001/XMLSchema-instance\" xmlns=\"http://exacttarget.com/wsdl/partnerAPI\"><PartnerKey xsi:nil=\"true\" /><ObjectID>543f00b8-efe4-4dde-8226-2fde0731b1a8</ObjectID><Name>Add Announcement data for mobile push</Name></QueryDefinition>"}],"annotation":"","name":""},{"activities":[{"name":"Announcement Sendable","activityObjectId":"bb489433-9e91-4b31-b06d-c3f638518353","objectTypeId":749,"displayOrder":0,"serializedObject":"{\"dataExtensionId\":\"{{mcpm#/entities/dataExtensions/704d45b0-485c-ed11-ba55-f40343ce89d0/data/id}}\"}"},{"name":"Announcement Sendable Mobile Push","activityObjectId":"a1debc2f-6476-4f53-8755-e2a4d13e2985","objectTypeId":749,"displayOrder":1,"serializedObject":"{\"dataExtensionId\":\"{{mcpm#/entities/dataExtensions/714d45b0-485c-ed11-ba55-f40343ce89d0/data/id}}\"}"}],"annotation":"","name":""},{"activities":[{"name":"{{mcpm#/entities/queryActivities/f33cefb7-9cd2-4c54-9b3f-e985db6e95ad/data/name}}","activityObjectId":"{{mcpm#/entities/queryActivities/f33cefb7-9cd2-4c54-9b3f-e985db6e95ad/data/id}}","objectTypeId":300,"displayOrder":0,"serializedObject":"<QueryDefinition xmlns:xsd=\"http://www.w3.org/2001/XMLSchema\" xmlns:xsi=\"http://www.w3.org/2001/XMLSchema-instance\" xmlns=\"http://exacttarget.com/wsdl/partnerAPI\"><PartnerKey xsi:nil=\"true\" /><ObjectID>f33cefb7-9cd2-4c54-9b3f-e985db6e95ad</ObjectID><Name>Delete Announcement</Name></QueryDefinition>"}],"annotation":"","name":""},{"activities":[{"name":"{{mcpm#/entities/queryActivities/b660a255-8835-4ba8-b05b-bd8a25e0209e/data/name}}","activityObjectId":"{{mcpm#/entities/queryActivities/b660a255-8835-4ba8-b05b-bd8a25e0209e/data/id}}","objectTypeId":300,"displayOrder":0,"serializedObject":"<QueryDefinition xmlns:xsd=\"http://www.w3.org/2001/XMLSchema\" xmlns:xsi=\"http://www.w3.org/2001/XMLSchema-instance\" xmlns=\"http://exacttarget.com/wsdl/partnerAPI\"><PartnerKey xsi:nil=\"true\" /><ObjectID>b660a255-8835-4ba8-b05b-bd8a25e0209e</ObjectID><Name>Update Master Annoucement</Name></QueryDefinition>"}],"annotation":"","name":""}],"startSource":{"typeId":1,"schedule":{"iCalRecur":"FREQ=HOURLY;UNTIL=20790606;INTERVAL=1","startDate":"2022-12-01T17:30:00","timeZoneId":34}}}}