{"replacementSpec":{"pathToRetrievalValue":"{{mcpm#/entities/dataExtensions/0a5fe31c-ef04-ed11-ba48-f40343d02ec8/data/name}}","retrievalProperty":"name"},"issues":[{"type":"UNSUPPORTED_FUNCTIONALITY","level":"WARNING","sourceJobType":"PACKAGE","functionality":"NO_DEPLOY","objectType":"ManagedDataExtension"}],"originID":"0a5fe31c-ef04-ed11-ba48-f40343d02ec8","originEID":"mc-cys54qp6r821t-bh8ky7kcck4","data":{"categoryId":27610,"dataRetentionProperties":{"dataRetentionPeriodUnitOfMeasure":0,"isDeleteAtEndOfRetentionPeriod":false,"isResetRetentionPeriodOnImport":false,"isRowBasedRetention":false,"rowBasedThreshold":100000000},"description":"","isFieldAdditionAllowed":true,"isFieldModificationAllowed":true,"isObjectDeletable":true,"isSendable":false,"isTestable":false,"name":"lumen__unUser_Group_Member__c_Salesforce","partnerAPIObjectTypeID":911,"fields":[{"description":"","isHidden":false,"isInheritable":false,"isOverridable":false,"isNullable":true,"isPrimaryKey":false,"isReadOnly":false,"isTemplateField":false,"length":18,"mustOverride":false,"name":"CreatedById","ordinal":1,"type":"Text"},{"description":"","isHidden":false,"isInheritable":false,"isOverridable":false,"isNullable":true,"isPrimaryKey":false,"isReadOnly":false,"isTemplateField":false,"mustOverride":false,"name":"CreatedDate","ordinal":2,"type":"Date"},{"description":"","isHidden":false,"isInheritable":false,"isOverridable":false,"isNullable":false,"isPrimaryKey":true,"isReadOnly":false,"isTemplateField":false,"length":18,"mustOverride":false,"name":"Id","ordinal":3,"type":"Text"},{"description":"","isHidden":false,"isInheritable":false,"isOverridable":false,"isNullable":true,"isPrimaryKey":false,"isReadOnly":false,"isTemplateField":false,"length":18,"mustOverride":false,"name":"LastModifiedById","ordinal":4,"type":"Text"},{"description":"","isHidden":false,"isInheritable":false,"isOverridable":false,"isNullable":true,"isPrimaryKey":false,"isReadOnly":false,"isTemplateField":false,"mustOverride":false,"name":"LastModifiedDate","ordinal":5,"type":"Date"},{"description":"","isHidden":false,"isInheritable":false,"isOverridable":false,"isNullable":true,"isPrimaryKey":false,"isReadOnly":false,"isTemplateField":false,"length":18,"mustOverride":false,"name":"lumen__unContact__c","ordinal":6,"type":"Text"},{"description":"","isHidden":false,"isInheritable":false,"isOverridable":false,"isNullable":true,"isPrimaryKey":false,"isReadOnly":false,"isTemplateField":false,"length":18,"mustOverride":false,"name":"lumen__unGroup__c","ordinal":7,"type":"Text"},{"description":"","isHidden":false,"isInheritable":false,"isOverridable":false,"isNullable":true,"isPrimaryKey":false,"isReadOnly":false,"isTemplateField":false,"length":18,"mustOverride":false,"name":"lumen__User__c","ordinal":8,"type":"Text"},{"description":"","isHidden":false,"isInheritable":false,"isOverridable":false,"isNullable":true,"isPrimaryKey":false,"isReadOnly":false,"isTemplateField":false,"length":80,"mustOverride":false,"name":"Name","ordinal":9,"type":"Text"}]}}