{"replacementSpec":{"pathToRetrievalValue":"{{mcpm#/entities/dataExtensions/5581e964-ab5e-ed11-ba55-f40343ce89d0/data/name}}","retrievalProperty":"name"},"issues":[{"type":"UNSUPPORTED_FUNCTIONALITY","level":"WARNING","sourceJobType":"PACKAGE","functionality":"NO_DEPLOY","objectType":"ManagedDataExtension"}],"originID":"5581e964-ab5e-ed11-ba55-f40343ce89d0","originEID":"mc-cys54qp6r821t-bh8ky7kcck4","data":{"categoryId":27610,"dataRetentionProperties":{"dataRetentionPeriodUnitOfMeasure":0,"isDeleteAtEndOfRetentionPeriod":false,"isResetRetentionPeriodOnImport":false,"isRowBasedRetention":false,"rowBasedThreshold":100000000},"description":"","isFieldAdditionAllowed":true,"isFieldModificationAllowed":true,"isObjectDeletable":true,"isSendable":false,"isTestable":false,"name":"EnhancedLetterhead_Salesforce_3","partnerAPIObjectTypeID":911,"fields":[{"description":"","isHidden":false,"isInheritable":false,"isOverridable":false,"isNullable":true,"isPrimaryKey":false,"isReadOnly":false,"isTemplateField":false,"length":18,"mustOverride":false,"name":"CreatedById","ordinal":1,"type":"Text"},{"description":"","isHidden":false,"isInheritable":false,"isOverridable":false,"isNullable":true,"isPrimaryKey":false,"isReadOnly":false,"isTemplateField":false,"mustOverride":false,"name":"CreatedDate","ordinal":2,"type":"Date"},{"description":"","isHidden":false,"isInheritable":false,"isOverridable":false,"isNullable":false,"isPrimaryKey":true,"isReadOnly":false,"isTemplateField":false,"length":18,"mustOverride":false,"name":"Id","ordinal":3,"type":"Text"},{"description":"","isHidden":false,"isInheritable":false,"isOverridable":false,"isNullable":true,"isPrimaryKey":false,"isReadOnly":false,"isTemplateField":false,"length":18,"mustOverride":false,"name":"LastModifiedById","ordinal":4,"type":"Text"},{"description":"","isHidden":false,"isInheritable":false,"isOverridable":false,"isNullable":true,"isPrimaryKey":false,"isReadOnly":false,"isTemplateField":false,"length":4000,"mustOverride":false,"name":"LetterheadFooter","ordinal":5,"type":"Text"},{"description":"","isHidden":false,"isInheritable":false,"isOverridable":false,"isNullable":true,"isPrimaryKey":false,"isReadOnly":false,"isTemplateField":false,"length":4000,"mustOverride":false,"name":"LetterheadHeader","ordinal":6,"type":"Text"},{"description":"","isHidden":false,"isInheritable":false,"isOverridable":false,"isNullable":true,"isPrimaryKey":false,"isReadOnly":false,"isTemplateField":false,"length":255,"mustOverride":false,"name":"Name","ordinal":7,"type":"Text"}]}}