{"issues":[],"originID":"714d45b0-485c-ed11-ba55-f40343ce89d0","originEID":"mc-cys54qp6r821t-bh8ky7kcck4","data":{"categoryId":"{{mcpm#/entities/categories/40965/data/id}}","dataRetentionProperties":{"isDeleteAtEndOfRetentionPeriod":false,"isResetRetentionPeriodOnImport":false,"isRowBasedRetention":false,"rowBasedThreshold":100000000},"description":"","isFieldAdditionAllowed":true,"isFieldModificationAllowed":true,"isObjectDeletable":true,"isSendable":true,"isTestable":false,"name":"Announcement Sendable Mobile Push","sendableCustomObjectField":"userId","sendableSubscriberField":"_SubscriberKey","fields":[{"description":"","isHidden":false,"isInheritable":false,"isOverridable":false,"isNullable":true,"isPrimaryKey":false,"isReadOnly":false,"isTemplateField":false,"length":50,"masktype":"None","mustOverride":false,"name":"title","ordinal":0,"type":"Text"},{"description":"","isHidden":false,"isInheritable":false,"isOverridable":false,"isNullable":true,"isPrimaryKey":false,"isReadOnly":false,"isTemplateField":false,"length":50,"masktype":"None","mustOverride":false,"name":"Name","ordinal":1,"type":"Text"},{"description":"","isHidden":false,"isInheritable":false,"isOverridable":false,"isNullable":true,"isPrimaryKey":false,"isReadOnly":false,"isTemplateField":false,"masktype":"None","mustOverride":false,"name":"startDate","ordinal":2,"type":"Date"},{"description":"","isHidden":false,"isInheritable":false,"isOverridable":false,"isNullable":true,"isPrimaryKey":false,"isReadOnly":false,"isTemplateField":false,"masktype":"None","mustOverride":false,"name":"endDate","ordinal":3,"type":"Date"},{"description":"","isHidden":false,"isInheritable":false,"isOverridable":false,"isNullable":true,"isPrimaryKey":false,"isReadOnly":false,"isTemplateField":false,"length":50,"masktype":"None","mustOverride":false,"name":"importatnt","ordinal":4,"type":"Text"},{"description":"","isHidden":false,"isInheritable":false,"isOverridable":false,"isNullable":true,"isPrimaryKey":false,"isReadOnly":false,"isTemplateField":false,"length":2000,"masktype":"None","mustOverride":false,"name":"university","ordinal":5,"type":"Text"},{"description":"","isHidden":false,"isInheritable":false,"isOverridable":false,"isNullable":true,"isPrimaryKey":false,"isReadOnly":false,"isTemplateField":false,"length":1000,"masktype":"None","mustOverride":false,"name":"department","ordinal":6,"type":"Text"},{"description":"","isHidden":false,"isInheritable":false,"isOverridable":false,"isNullable":true,"isPrimaryKey":false,"isReadOnly":false,"isTemplateField":false,"length":1000,"masktype":"None","mustOverride":false,"name":"program","ordinal":7,"type":"Text"},{"description":"","isHidden":false,"isInheritable":false,"isOverridable":false,"isNullable":true,"isPrimaryKey":false,"isReadOnly":false,"isTemplateField":false,"length":1000,"masktype":"None","mustOverride":false,"name":"term","ordinal":8,"type":"Text"},{"description":"","isHidden":false,"isInheritable":false,"isOverridable":false,"isNullable":true,"isPrimaryKey":false,"isReadOnly":false,"isTemplateField":false,"length":1000,"masktype":"None","mustOverride":false,"name":"userGroup","ordinal":9,"type":"Text"},{"description":"","isHidden":false,"isInheritable":false,"isOverridable":false,"isNullable":true,"isPrimaryKey":false,"isReadOnly":false,"isTemplateField":false,"length":50,"masktype":"None","mustOverride":false,"name":"announcementId","ordinal":10,"type":"Text"},{"description":"","isHidden":false,"isInheritable":false,"isOverridable":false,"isNullable":true,"isPrimaryKey":false,"isReadOnly":false,"isTemplateField":false,"length":50,"masktype":"None","mustOverride":false,"name":"departmentId","ordinal":11,"type":"Text"},{"description":"","isHidden":false,"isInheritable":false,"isOverridable":false,"isNullable":true,"isPrimaryKey":false,"isReadOnly":false,"isTemplateField":false,"length":50,"masktype":"None","mustOverride":false,"name":"universityId","ordinal":12,"type":"Text"},{"description":"","isHidden":false,"isInheritable":false,"isOverridable":false,"isNullable":true,"isPrimaryKey":false,"isReadOnly":false,"isTemplateField":false,"length":50,"masktype":"None","mustOverride":false,"name":"contactId","ordinal":13,"type":"Text"},{"description":"","isHidden":false,"isInheritable":false,"isOverridable":false,"isNullable":true,"isPrimaryKey":false,"isReadOnly":false,"isTemplateField":false,"length":50,"masktype":"None","mustOverride":false,"name":"contactName","ordinal":14,"type":"Text"},{"description":"","isHidden":false,"isInheritable":false,"isOverridable":false,"isNullable":true,"isPrimaryKey":false,"isReadOnly":false,"isTemplateField":false,"length":50,"masktype":"None","mustOverride":false,"name":"userId","ordinal":15,"type":"Text"},{"description":"","isHidden":false,"isInheritable":false,"isOverridable":false,"isNullable":true,"isPrimaryKey":false,"isReadOnly":false,"isTemplateField":false,"length":254,"masktype":"None","mustOverride":false,"name":"contactEmail","ordinal":16,"type":"EmailAddress"},{"description":"","isHidden":false,"isInheritable":false,"isOverridable":false,"isNullable":true,"isPrimaryKey":false,"isReadOnly":false,"isTemplateField":false,"length":50,"masktype":"None","mustOverride":false,"name":"PhoneNumber","ordinal":17,"type":"Phone"},{"defaultValue":"False","description":"","isHidden":false,"isInheritable":false,"isOverridable":false,"isNullable":true,"isPrimaryKey":false,"isReadOnly":false,"isTemplateField":false,"length":50,"masktype":"None","mustOverride":false,"name":"sentStatus","ordinal":18,"type":"Text"},{"description":"","isHidden":false,"isInheritable":false,"isOverridable":false,"isNullable":false,"isPrimaryKey":true,"isReadOnly":false,"isTemplateField":false,"length":300,"masktype":"None","mustOverride":false,"name":"uniqueId","ordinal":19,"type":"Text"},{"defaultValue":"GETDATE()","description":"","isHidden":false,"isInheritable":false,"isOverridable":false,"isNullable":true,"isPrimaryKey":false,"isReadOnly":false,"isTemplateField":false,"masktype":"None","mustOverride":false,"name":"createdDate","ordinal":20,"type":"Date"},{"description":"","isHidden":false,"isInheritable":false,"isOverridable":false,"isNullable":true,"isPrimaryKey":false,"isReadOnly":false,"isTemplateField":false,"length":254,"masktype":"None","mustOverride":false,"name":"emailFromAddress","ordinal":21,"type":"EmailAddress"},{"description":"","isHidden":false,"isInheritable":false,"isOverridable":false,"isNullable":true,"isPrimaryKey":false,"isReadOnly":false,"isTemplateField":false,"length":50,"masktype":"None","mustOverride":false,"name":"SMSSender","ordinal":22,"type":"Text"},{"description":"","isHidden":false,"isInheritable":false,"isOverridable":false,"isNullable":true,"isPrimaryKey":false,"isReadOnly":false,"isTemplateField":false,"length":50,"masktype":"None","mustOverride":false,"name":"WASender","ordinal":23,"type":"Text"},{"description":"","isHidden":false,"isInheritable":false,"isOverridable":false,"isNullable":true,"isPrimaryKey":false,"isReadOnly":false,"isTemplateField":false,"length":3000,"masktype":"None","mustOverride":false,"name":"body","ordinal":24,"type":"Text"},{"description":"","isHidden":false,"isInheritable":false,"isOverridable":false,"isNullable":true,"isPrimaryKey":false,"isReadOnly":false,"isTemplateField":false,"length":300,"masktype":"None","mustOverride":false,"name":"announcementLink","ordinal":25,"type":"Text"},{"description":"","isHidden":false,"isInheritable":false,"isOverridable":false,"isNullable":true,"isPrimaryKey":false,"isReadOnly":false,"isTemplateField":false,"length":50,"masktype":"None","mustOverride":false,"name":"recordType","ordinal":26,"type":"Text"},{"description":"","isHidden":false,"isInheritable":false,"isOverridable":false,"isNullable":true,"isPrimaryKey":false,"isReadOnly":false,"isTemplateField":false,"length":200,"masktype":"None","mustOverride":false,"name":"bellTitle","ordinal":27,"type":"Text"},{"description":"","isHidden":false,"isInheritable":false,"isOverridable":false,"isNullable":true,"isPrimaryKey":false,"isReadOnly":false,"isTemplateField":false,"length":50,"masktype":"None","mustOverride":false,"name":"recordTypeId","ordinal":28,"type":"Text"},{"description":"","isHidden":false,"isInheritable":true,"isOverridable":true,"isNullable":true,"isPrimaryKey":false,"isReadOnly":false,"isTemplateField":false,"length":4000,"masktype":"None","mustOverride":false,"name":"emailHeader","ordinal":29,"type":"Text"},{"description":"","isHidden":false,"isInheritable":true,"isOverridable":true,"isNullable":true,"isPrimaryKey":false,"isReadOnly":false,"isTemplateField":false,"masktype":"None","mustOverride":false,"name":"emailFooter","ordinal":30,"type":"Text"},{"description":"","isHidden":false,"isInheritable":false,"isOverridable":false,"isNullable":true,"isPrimaryKey":false,"isReadOnly":false,"isTemplateField":false,"length":50,"masktype":"None","mustOverride":false,"name":"fromName","ordinal":31,"type":"Text"},{"description":"","isHidden":false,"isInheritable":false,"isOverridable":false,"isNullable":true,"isPrimaryKey":false,"isReadOnly":false,"isTemplateField":false,"length":50,"masktype":"None","mustOverride":false,"name":"channel","ordinal":32,"type":"Text"},{"description":"","isHidden":false,"isInheritable":false,"isOverridable":false,"isNullable":true,"isPrimaryKey":false,"isReadOnly":false,"isTemplateField":false,"length":50,"masktype":"None","mustOverride":false,"name":"signature","ordinal":33,"type":"Text"}]}}