{"replacementSpec":{"pathToRetrievalValue":"{{mcpm#/entities/dataExtensions/8eeab222-ee04-ed11-ba48-f40343d02ec8/data/name}}","retrievalProperty":"name"},"issues":[{"type":"UNSUPPORTED_FUNCTIONALITY","level":"WARNING","sourceJobType":"PACKAGE","functionality":"NO_DEPLOY","objectType":"ManagedDataExtension"}],"originID":"8eeab222-ee04-ed11-ba48-f40343d02ec8","originEID":"mc-cys54qp6r821t-bh8ky7kcck4","data":{"categoryId":27610,"dataRetentionProperties":{"dataRetentionPeriodUnitOfMeasure":0,"isDeleteAtEndOfRetentionPeriod":false,"isResetRetentionPeriodOnImport":false,"isRowBasedRetention":false,"rowBasedThreshold":100000000},"description":"","isFieldAdditionAllowed":true,"isFieldModificationAllowed":true,"isObjectDeletable":true,"isSendable":false,"isTestable":false,"name":"Account_Salesforce","partnerAPIObjectTypeID":911,"fields":[{"description":"","isHidden":false,"isInheritable":false,"isOverridable":false,"isNullable":true,"isPrimaryKey":false,"isReadOnly":false,"isTemplateField":false,"length":18,"mustOverride":false,"name":"CreatedById","ordinal":1,"type":"Text"},{"description":"","isHidden":false,"isInheritable":false,"isOverridable":false,"isNullable":true,"isPrimaryKey":false,"isReadOnly":false,"isTemplateField":false,"length":18,"mustOverride":false,"name":"hed__Current_Address__c","ordinal":2,"type":"Text"},{"description":"","isHidden":false,"isInheritable":false,"isOverridable":false,"isNullable":true,"isPrimaryKey":false,"isReadOnly":false,"isTemplateField":false,"length":18,"mustOverride":false,"name":"hed__Primary_Contact__c","ordinal":3,"type":"Text"},{"description":"","isHidden":false,"isInheritable":false,"isOverridable":false,"isNullable":false,"isPrimaryKey":true,"isReadOnly":false,"isTemplateField":false,"length":18,"mustOverride":false,"name":"Id","ordinal":4,"type":"Text"},{"description":"","isHidden":false,"isInheritable":false,"isOverridable":false,"isNullable":true,"isPrimaryKey":false,"isReadOnly":false,"isTemplateField":false,"length":18,"mustOverride":false,"name":"LastModifiedById","ordinal":5,"type":"Text"},{"description":"","isHidden":false,"isInheritable":false,"isOverridable":false,"isNullable":true,"isPrimaryKey":false,"isReadOnly":false,"isTemplateField":false,"length":0,"mustOverride":false,"name":"lumen__unIs_Roll_Number_Needed__c","ordinal":6,"type":"Boolean"},{"description":"","isHidden":false,"isInheritable":false,"isOverridable":false,"isNullable":true,"isPrimaryKey":false,"isReadOnly":false,"isTemplateField":false,"length":1300,"mustOverride":false,"name":"lumen__unRecordType_Name__c","ordinal":7,"type":"Text"},{"description":"","isHidden":false,"isInheritable":false,"isOverridable":false,"isNullable":true,"isPrimaryKey":false,"isReadOnly":false,"isTemplateField":false,"length":18,"mustOverride":false,"name":"MasterRecordId","ordinal":8,"type":"Text"},{"description":"","isHidden":false,"isInheritable":false,"isOverridable":false,"isNullable":true,"isPrimaryKey":false,"isReadOnly":false,"isTemplateField":false,"length":255,"mustOverride":false,"name":"Name","ordinal":9,"type":"Text"},{"description":"","isHidden":false,"isInheritable":false,"isOverridable":false,"isNullable":true,"isPrimaryKey":false,"isReadOnly":false,"isTemplateField":false,"length":18,"mustOverride":false,"name":"OwnerId","ordinal":10,"type":"Text"},{"description":"","isHidden":false,"isInheritable":false,"isOverridable":false,"isNullable":true,"isPrimaryKey":false,"isReadOnly":false,"isTemplateField":false,"length":18,"mustOverride":false,"name":"ParentId","ordinal":11,"type":"Text"},{"description":"","isHidden":false,"isInheritable":false,"isOverridable":false,"isNullable":true,"isPrimaryKey":false,"isReadOnly":false,"isTemplateField":false,"length":18,"mustOverride":false,"name":"RecordTypeId","ordinal":12,"type":"Text"}]}}