{"replacementSpec":{"pathToRetrievalValue":"{{mcpm#/entities/dataExtensions/aed3e2b6-ec04-ed11-ba48-f40343d02ec8/data/name}}","retrievalProperty":"name"},"issues":[{"type":"UNSUPPORTED_FUNCTIONALITY","level":"WARNING","sourceJobType":"PACKAGE","functionality":"NO_DEPLOY","objectType":"ManagedDataExtension"}],"originID":"aed3e2b6-ec04-ed11-ba48-f40343d02ec8","originEID":"mc-cys54qp6r821t-bh8ky7kcck4","data":{"categoryId":27610,"dataRetentionProperties":{"dataRetentionPeriodUnitOfMeasure":0,"isDeleteAtEndOfRetentionPeriod":false,"isResetRetentionPeriodOnImport":false,"isRowBasedRetention":false,"rowBasedThreshold":100000000},"description":"","isFieldAdditionAllowed":true,"isFieldModificationAllowed":true,"isObjectDeletable":true,"isSendable":true,"isTestable":true,"name":"User_Salesforce","sendableCustomObjectField":"_ContactKey","sendableSubscriberField":"_SubscriberKey","partnerAPIObjectTypeID":911,"fields":[{"description":"","isHidden":false,"isInheritable":false,"isOverridable":false,"isNullable":false,"isPrimaryKey":false,"isReadOnly":false,"isTemplateField":false,"length":254,"mustOverride":false,"name":"_ContactKey","ordinal":1,"type":"Text"},{"description":"","isHidden":false,"isInheritable":false,"isOverridable":false,"isNullable":true,"isPrimaryKey":false,"isReadOnly":false,"isTemplateField":false,"length":18,"mustOverride":false,"name":"AccountId","ordinal":2,"type":"Text"},{"description":"","isHidden":false,"isInheritable":false,"isOverridable":false,"isNullable":true,"isPrimaryKey":false,"isReadOnly":false,"isTemplateField":false,"length":18,"mustOverride":false,"name":"CallCenterId","ordinal":3,"type":"Text"},{"description":"","isHidden":false,"isInheritable":false,"isOverridable":false,"isNullable":true,"isPrimaryKey":false,"isReadOnly":false,"isTemplateField":false,"length":18,"mustOverride":false,"name":"ContactId","ordinal":4,"type":"Text"},{"description":"","isHidden":false,"isInheritable":false,"isOverridable":false,"isNullable":true,"isPrimaryKey":false,"isReadOnly":false,"isTemplateField":false,"length":18,"mustOverride":false,"name":"CreatedById","ordinal":5,"type":"Text"},{"description":"","isHidden":false,"isInheritable":false,"isOverridable":false,"isNullable":true,"isPrimaryKey":false,"isReadOnly":false,"isTemplateField":false,"mustOverride":false,"name":"CreatedDate","ordinal":6,"type":"Date"},{"description":"","isHidden":false,"isInheritable":false,"isOverridable":false,"isNullable":true,"isPrimaryKey":false,"isReadOnly":false,"isTemplateField":false,"length":18,"mustOverride":false,"name":"DelegatedApproverId","ordinal":7,"type":"Text"},{"description":"","isHidden":false,"isInheritable":false,"isOverridable":false,"isNullable":true,"isPrimaryKey":false,"isReadOnly":false,"isTemplateField":false,"length":128,"mustOverride":false,"name":"Email","ordinal":8,"type":"EmailAddress"},{"description":"","isHidden":false,"isInheritable":false,"isOverridable":false,"isNullable":false,"isPrimaryKey":true,"isReadOnly":false,"isTemplateField":false,"length":18,"mustOverride":false,"name":"Id","ordinal":9,"type":"Text"},{"description":"","isHidden":false,"isInheritable":false,"isOverridable":false,"isNullable":true,"isPrimaryKey":false,"isReadOnly":false,"isTemplateField":false,"length":18,"mustOverride":false,"name":"IndividualId","ordinal":10,"type":"Text"},{"description":"","isHidden":false,"isInheritable":false,"isOverridable":false,"isNullable":true,"isPrimaryKey":false,"isReadOnly":false,"isTemplateField":false,"length":0,"mustOverride":false,"name":"IsActive","ordinal":11,"type":"Boolean"},{"description":"","isHidden":false,"isInheritable":false,"isOverridable":false,"isNullable":true,"isPrimaryKey":false,"isReadOnly":false,"isTemplateField":false,"length":18,"mustOverride":false,"name":"LastModifiedById","ordinal":12,"type":"Text"},{"description":"","isHidden":false,"isInheritable":false,"isOverridable":false,"isNullable":true,"isPrimaryKey":false,"isReadOnly":false,"isTemplateField":false,"length":100,"mustOverride":false,"name":"lumen__Password__c","ordinal":13,"type":"Text"},{"description":"","isHidden":false,"isInheritable":false,"isOverridable":false,"isNullable":true,"isPrimaryKey":false,"isReadOnly":false,"isTemplateField":false,"length":1300,"mustOverride":false,"name":"lumen__unName__c","ordinal":14,"type":"Text"},{"description":"","isHidden":false,"isInheritable":false,"isOverridable":false,"isNullable":true,"isPrimaryKey":false,"isReadOnly":false,"isTemplateField":false,"length":4000,"mustOverride":false,"name":"lumen__unReset_Link__c","ordinal":15,"type":"Text"},{"description":"","isHidden":false,"isInheritable":false,"isOverridable":false,"isNullable":true,"isPrimaryKey":false,"isReadOnly":false,"isTemplateField":false,"length":18,"mustOverride":false,"name":"ManagerId","ordinal":16,"type":"Text"},{"description":"","isHidden":false,"isInheritable":false,"isOverridable":false,"isNullable":true,"isPrimaryKey":false,"isReadOnly":false,"isTemplateField":false,"length":50,"mustOverride":false,"name":"MobilePhone","ordinal":17,"type":"Phone"},{"description":"","isHidden":false,"isInheritable":false,"isOverridable":false,"isNullable":true,"isPrimaryKey":false,"isReadOnly":false,"isTemplateField":false,"length":121,"mustOverride":false,"name":"Name","ordinal":18,"type":"Text"},{"description":"","isHidden":false,"isInheritable":false,"isOverridable":false,"isNullable":true,"isPrimaryKey":false,"isReadOnly":false,"isTemplateField":false,"length":50,"mustOverride":false,"name":"Phone","ordinal":19,"type":"Phone"},{"description":"","isHidden":false,"isInheritable":false,"isOverridable":false,"isNullable":true,"isPrimaryKey":false,"isReadOnly":false,"isTemplateField":false,"length":18,"mustOverride":false,"name":"ProfileId","ordinal":20,"type":"Text"},{"description":"","isHidden":false,"isInheritable":false,"isOverridable":false,"isNullable":true,"isPrimaryKey":false,"isReadOnly":false,"isTemplateField":false,"length":80,"mustOverride":false,"name":"Username","ordinal":21,"type":"Text"},{"description":"","isHidden":false,"isInheritable":false,"isOverridable":false,"isNullable":true,"isPrimaryKey":false,"isReadOnly":false,"isTemplateField":false,"length":18,"mustOverride":false,"name":"UserRoleId","ordinal":22,"type":"Text"},{"description":"","isHidden":false,"isInheritable":true,"isOverridable":true,"isNullable":true,"isPrimaryKey":false,"isReadOnly":false,"isTemplateField":false,"length":1300,"mustOverride":false,"name":"lumen__unProfile_Name__c","ordinal":23,"type":"Text"},{"description":"","isHidden":false,"isInheritable":true,"isOverridable":true,"isNullable":true,"isPrimaryKey":false,"isReadOnly":false,"isTemplateField":false,"length":40,"mustOverride":false,"name":"FirstName","ordinal":24,"type":"Text"},{"description":"","isHidden":false,"isInheritable":true,"isOverridable":true,"isNullable":true,"isPrimaryKey":false,"isReadOnly":false,"isTemplateField":false,"length":80,"mustOverride":false,"name":"LastName","ordinal":25,"type":"Text"}]}}