{"replacementSpec":{"pathToRetrievalValue":"{{mcpm#/entities/dataExtensions/c329c7b1-ef04-ed11-ba48-f40343d02ec8/data/name}}","retrievalProperty":"name"},"issues":[{"type":"UNSUPPORTED_FUNCTIONALITY","level":"WARNING","sourceJobType":"PACKAGE","functionality":"NO_DEPLOY","objectType":"ManagedDataExtension"}],"originID":"c329c7b1-ef04-ed11-ba48-f40343d02ec8","originEID":"mc-cys54qp6r821t-bh8ky7kcck4","data":{"categoryId":27610,"dataRetentionProperties":{"dataRetentionPeriodUnitOfMeasure":0,"isDeleteAtEndOfRetentionPeriod":false,"isResetRetentionPeriodOnImport":false,"isRowBasedRetention":false,"rowBasedThreshold":100000000},"description":"","isFieldAdditionAllowed":true,"isFieldModificationAllowed":true,"isObjectDeletable":true,"isSendable":false,"isTestable":false,"name":"hed__Program_Enrollment__c_Salesforce","partnerAPIObjectTypeID":911,"fields":[{"description":"","isHidden":false,"isInheritable":false,"isOverridable":false,"isNullable":true,"isPrimaryKey":false,"isReadOnly":false,"isTemplateField":false,"length":18,"mustOverride":false,"name":"CreatedById","ordinal":1,"type":"Text"},{"description":"","isHidden":false,"isInheritable":false,"isOverridable":false,"isNullable":true,"isPrimaryKey":false,"isReadOnly":false,"isTemplateField":false,"mustOverride":false,"name":"CreatedDate","ordinal":2,"type":"Date"},{"description":"","isHidden":false,"isInheritable":false,"isOverridable":false,"isNullable":true,"isPrimaryKey":false,"isReadOnly":false,"isTemplateField":false,"length":18,"mustOverride":false,"name":"hed__Account__c","ordinal":3,"type":"Text"},{"description":"","isHidden":false,"isInheritable":false,"isOverridable":false,"isNullable":true,"isPrimaryKey":false,"isReadOnly":false,"isTemplateField":false,"length":18,"mustOverride":false,"name":"hed__Affiliation__c","ordinal":4,"type":"Text"},{"description":"","isHidden":false,"isInheritable":false,"isOverridable":false,"isNullable":true,"isPrimaryKey":false,"isReadOnly":false,"isTemplateField":false,"length":18,"mustOverride":false,"name":"hed__Contact__c","ordinal":5,"type":"Text"},{"description":"","isHidden":false,"isInheritable":false,"isOverridable":false,"isNullable":true,"isPrimaryKey":false,"isReadOnly":false,"isTemplateField":false,"length":255,"mustOverride":false,"name":"hed__Enrollment_Status__c","ordinal":6,"type":"Text"},{"description":"","isHidden":false,"isInheritable":false,"isOverridable":false,"isNullable":true,"isPrimaryKey":false,"isReadOnly":false,"isTemplateField":false,"length":18,"mustOverride":false,"name":"hed__Program_Plan__c","ordinal":7,"type":"Text"},{"description":"","isHidden":false,"isInheritable":false,"isOverridable":false,"isNullable":false,"isPrimaryKey":true,"isReadOnly":false,"isTemplateField":false,"length":18,"mustOverride":false,"name":"Id","ordinal":8,"type":"Text"},{"description":"","isHidden":false,"isInheritable":false,"isOverridable":false,"isNullable":true,"isPrimaryKey":false,"isReadOnly":false,"isTemplateField":false,"length":18,"mustOverride":false,"name":"LastModifiedById","ordinal":9,"type":"Text"},{"description":"","isHidden":false,"isInheritable":false,"isOverridable":false,"isNullable":true,"isPrimaryKey":false,"isReadOnly":false,"isTemplateField":false,"length":18,"mustOverride":false,"name":"lumen__Term__c","ordinal":10,"type":"Text"},{"description":"","isHidden":false,"isInheritable":false,"isOverridable":false,"isNullable":true,"isPrimaryKey":false,"isReadOnly":false,"isTemplateField":false,"length":1300,"mustOverride":false,"name":"lumen__unProgram_Name__c","ordinal":11,"type":"Text"},{"description":"","isHidden":false,"isInheritable":false,"isOverridable":false,"isNullable":true,"isPrimaryKey":false,"isReadOnly":false,"isTemplateField":false,"length":1300,"mustOverride":false,"name":"lumen__unProgram_Plan_Name__c","ordinal":12,"type":"Text"},{"description":"","isHidden":false,"isInheritable":false,"isOverridable":false,"isNullable":true,"isPrimaryKey":false,"isReadOnly":false,"isTemplateField":false,"length":20,"mustOverride":false,"name":"lumen__unRoll_Number__c","ordinal":13,"type":"Text"},{"description":"","isHidden":false,"isInheritable":false,"isOverridable":false,"isNullable":true,"isPrimaryKey":false,"isReadOnly":false,"isTemplateField":false,"length":0,"mustOverride":false,"name":"lumen__unSend_ID_Card__c","ordinal":14,"type":"Boolean"},{"description":"","isHidden":false,"isInheritable":false,"isOverridable":false,"isNullable":true,"isPrimaryKey":false,"isReadOnly":false,"isTemplateField":false,"length":18,"mustOverride":false,"name":"lumen__User__c","ordinal":15,"type":"Text"},{"description":"","isHidden":false,"isInheritable":false,"isOverridable":false,"isNullable":true,"isPrimaryKey":false,"isReadOnly":false,"isTemplateField":false,"length":80,"mustOverride":false,"name":"Name","ordinal":16,"type":"Text"},{"description":"","isHidden":false,"isInheritable":false,"isOverridable":false,"isNullable":true,"isPrimaryKey":false,"isReadOnly":false,"isTemplateField":false,"length":18,"mustOverride":false,"name":"OwnerId","ordinal":17,"type":"Text"}]}}