{"automations/bbbbd736-437d-4d11-af3a-cf02c99647bf":[{"identifier":"dataExtensions/704d45b0-485c-ed11-ba55-f40343ce89d0","relationship":"required"},{"identifier":"dataExtensions/714d45b0-485c-ed11-ba55-f40343ce89d0","relationship":"required"},{"identifier":"scriptActivities/498801d4-0716-4ccc-bd40-32a306aabef6","relationship":"required"},{"identifier":"queryActivities/905e3114-eb41-4b75-a4fd-c3646a5eb223","relationship":"required"},{"identifier":"queryActivities/2ce0cb73-8767-4292-924a-78aa0a25bf89","relationship":"required"},{"identifier":"queryActivities/80a59cdc-df09-4a03-84bb-0f0991f51088","relationship":"required"},{"identifier":"queryActivities/3030fb27-4b3e-4322-9026-c4c94309907b","relationship":"required"},{"identifier":"queryActivities/a7c161b8-4684-4167-8cd1-72eed06de633","relationship":"required"},{"identifier":"queryActivities/50852dfd-a9ec-4e64-9cf0-bafa35e7fb3c","relationship":"required"},{"identifier":"queryActivities/fe5968b1-afcd-4c4a-9a8e-e3db6dcd33ab","relationship":"required"},{"identifier":"queryActivities/9b4f079b-6b79-425c-90e6-08d0b0d12a11","relationship":"required"},{"identifier":"queryActivities/543f00b8-efe4-4dde-8226-2fde0731b1a8","relationship":"required"},{"identifier":"queryActivities/f33cefb7-9cd2-4c54-9b3f-e985db6e95ad","relationship":"required"},{"identifier":"queryActivities/b660a255-8835-4ba8-b05b-bd8a25e0209e","relationship":"required"},{"identifier":"categories/15195","relationship":"required"}],"queryActivities/905e3114-eb41-4b75-a4fd-c3646a5eb223":[{"identifier":"dataExtensions/356d0fcb-565f-ed11-ba55-f40343ce89d0","relationship":"required"},{"identifier":"dataExtensions/734d45b0-485c-ed11-ba55-f40343ce89d0","relationship":"required"},{"identifier":"dataExtensions/744d45b0-485c-ed11-ba55-f40343ce89d0","relationship":"required"},{"identifier":"categories/8492","relationship":"required"}],"queryActivities/543f00b8-efe4-4dde-8226-2fde0731b1a8":[{"identifier":"dataExtensions/704d45b0-485c-ed11-ba55-f40343ce89d0","relationship":"required"},{"identifier":"dataExtensions/714d45b0-485c-ed11-ba55-f40343ce89d0","relationship":"required"},{"identifier":"categories/8492","relationship":"required"}],"scriptActivities/498801d4-0716-4ccc-bd40-32a306aabef6":[{"identifier":"dataExtensions/744d45b0-485c-ed11-ba55-f40343ce89d0","relationship":"required"},{"identifier":"dataExtensions/6f4d45b0-485c-ed11-ba55-f40343ce89d0","relationship":"required"},{"identifier":"categories/8494","relationship":"required"}],"queryActivities/2ce0cb73-8767-4292-924a-78aa0a25bf89":[{"identifier":"dataExtensions/6f4d45b0-485c-ed11-ba55-f40343ce89d0","relationship":"required"},{"identifier":"dataExtensions/8eeab222-ee04-ed11-ba48-f40343d02ec8","relationship":"required"},{"identifier":"dataExtensions/c329c7b1-ef04-ed11-ba48-f40343d02ec8","relationship":"required"},{"identifier":"dataExtensions/8f25658f-ec04-ed11-ba48-f40343d02ec8","relationship":"required"},{"identifier":"dataExtensions/aed3e2b6-ec04-ed11-ba48-f40343d02ec8","relationship":"required"},{"identifier":"dataExtensions/754d45b0-485c-ed11-ba55-f40343ce89d0","relationship":"required"},{"identifier":"categories/8492","relationship":"required"}],"queryActivities/fe5968b1-afcd-4c4a-9a8e-e3db6dcd33ab":[{"identifier":"dataExtensions/754d45b0-485c-ed11-ba55-f40343ce89d0","relationship":"required"},{"identifier":"dataExtensions/704d45b0-485c-ed11-ba55-f40343ce89d0","relationship":"required"},{"identifier":"categories/8492","relationship":"required"}],"queryActivities/80a59cdc-df09-4a03-84bb-0f0991f51088":[{"identifier":"dataExtensions/6f4d45b0-485c-ed11-ba55-f40343ce89d0","relationship":"required"},{"identifier":"dataExtensions/8eeab222-ee04-ed11-ba48-f40343d02ec8","relationship":"required"},{"identifier":"dataExtensions/c329c7b1-ef04-ed11-ba48-f40343d02ec8","relationship":"required"},{"identifier":"dataExtensions/8f25658f-ec04-ed11-ba48-f40343d02ec8","relationship":"required"},{"identifier":"dataExtensions/aed3e2b6-ec04-ed11-ba48-f40343d02ec8","relationship":"required"},{"identifier":"dataExtensions/754d45b0-485c-ed11-ba55-f40343ce89d0","relationship":"required"},{"identifier":"categories/8492","relationship":"required"}],"queryActivities/50852dfd-a9ec-4e64-9cf0-bafa35e7fb3c":[{"identifier":"dataExtensions/6f4d45b0-485c-ed11-ba55-f40343ce89d0","relationship":"required"},{"identifier":"dataExtensions/1c5fe31c-ef04-ed11-ba48-f40343d02ec8","relationship":"required"},{"identifier":"dataExtensions/d9d5ecb1-aa5e-ed11-ba55-f40343ce89d0","relationship":"required"},{"identifier":"dataExtensions/8eeab222-ee04-ed11-ba48-f40343d02ec8","relationship":"required"},{"identifier":"dataExtensions/0a5fe31c-ef04-ed11-ba48-f40343d02ec8","relationship":"required"},{"identifier":"dataExtensions/8f25658f-ec04-ed11-ba48-f40343d02ec8","relationship":"required"},{"identifier":"dataExtensions/aed3e2b6-ec04-ed11-ba48-f40343d02ec8","relationship":"required"},{"identifier":"dataExtensions/c329c7b1-ef04-ed11-ba48-f40343d02ec8","relationship":"required"},{"identifier":"dataExtensions/754d45b0-485c-ed11-ba55-f40343ce89d0","relationship":"required"},{"identifier":"categories/8492","relationship":"required"}],"queryActivities/3030fb27-4b3e-4322-9026-c4c94309907b":[{"identifier":"dataExtensions/6f4d45b0-485c-ed11-ba55-f40343ce89d0","relationship":"required"},{"identifier":"dataExtensions/8eeab222-ee04-ed11-ba48-f40343d02ec8","relationship":"required"},{"identifier":"dataExtensions/c329c7b1-ef04-ed11-ba48-f40343d02ec8","relationship":"required"},{"identifier":"dataExtensions/8f25658f-ec04-ed11-ba48-f40343d02ec8","relationship":"required"},{"identifier":"dataExtensions/aed3e2b6-ec04-ed11-ba48-f40343d02ec8","relationship":"required"},{"identifier":"dataExtensions/754d45b0-485c-ed11-ba55-f40343ce89d0","relationship":"required"},{"identifier":"categories/8492","relationship":"required"}],"queryActivities/9b4f079b-6b79-425c-90e6-08d0b0d12a11":[{"identifier":"dataExtensions/704d45b0-485c-ed11-ba55-f40343ce89d0","relationship":"required"},{"identifier":"dataExtensions/9c8b44c7-9565-ed11-ba55-f40343ce89d0","relationship":"required"},{"identifier":"dataExtensions/5581e964-ab5e-ed11-ba55-f40343ce89d0","relationship":"required"},{"identifier":"categories/8492","relationship":"required"}],"queryActivities/a7c161b8-4684-4167-8cd1-72eed06de633":[{"identifier":"dataExtensions/6f4d45b0-485c-ed11-ba55-f40343ce89d0","relationship":"required"},{"identifier":"dataExtensions/d9d5ecb1-aa5e-ed11-ba55-f40343ce89d0","relationship":"required"},{"identifier":"dataExtensions/8eeab222-ee04-ed11-ba48-f40343d02ec8","relationship":"required"},{"identifier":"dataExtensions/eb1177a4-605f-ed11-ba55-f40343ce89d0","relationship":"required"},{"identifier":"dataExtensions/8f25658f-ec04-ed11-ba48-f40343d02ec8","relationship":"required"},{"identifier":"dataExtensions/aed3e2b6-ec04-ed11-ba48-f40343d02ec8","relationship":"required"},{"identifier":"dataExtensions/c329c7b1-ef04-ed11-ba48-f40343d02ec8","relationship":"required"},{"identifier":"dataExtensions/754d45b0-485c-ed11-ba55-f40343ce89d0","relationship":"required"},{"identifier":"categories/8492","relationship":"required"}],"queryActivities/f33cefb7-9cd2-4c54-9b3f-e985db6e95ad":[{"identifier":"dataExtensions/704d45b0-485c-ed11-ba55-f40343ce89d0","relationship":"required"},{"identifier":"dataExtensions/754d45b0-485c-ed11-ba55-f40343ce89d0","relationship":"required"},{"identifier":"categories/8492","relationship":"required"}],"queryActivities/b660a255-8835-4ba8-b05b-bd8a25e0209e":[{"identifier":"dataExtensions/744d45b0-485c-ed11-ba55-f40343ce89d0","relationship":"required"},{"identifier":"dataExtensions/734d45b0-485c-ed11-ba55-f40343ce89d0","relationship":"required"},{"identifier":"categories/8492","relationship":"required"}],"dataExtensions/714d45b0-485c-ed11-ba55-f40343ce89d0":[{"identifier":"categories/40965","relationship":"required"}],"categories/15195":[{"identifier":"categories/14537","relationship":"required"}],"dataExtensions/704d45b0-485c-ed11-ba55-f40343ce89d0":[{"identifier":"categories/40965","relationship":"required"}],"dataExtensions/744d45b0-485c-ed11-ba55-f40343ce89d0":[{"identifier":"categories/40965","relationship":"required"}],"dataExtensions/754d45b0-485c-ed11-ba55-f40343ce89d0":[{"identifier":"categories/40965","relationship":"required"}],"categories/8494":[],"categories/8492":[],"categories/14537":[{"identifier":"categories/8489","relationship":"required"}],"dataExtensions/356d0fcb-565f-ed11-ba55-f40343ce89d0":[],"dataExtensions/1c5fe31c-ef04-ed11-ba48-f40343d02ec8":[],"dataExtensions/734d45b0-485c-ed11-ba55-f40343ce89d0":[{"identifier":"categories/40965","relationship":"required"}],"dataExtensions/8f25658f-ec04-ed11-ba48-f40343d02ec8":[],"dataExtensions/d9d5ecb1-aa5e-ed11-ba55-f40343ce89d0":[],"categories/40965":[{"identifier":"categories/8473","relationship":"required"}],"dataExtensions/8eeab222-ee04-ed11-ba48-f40343d02ec8":[],"dataExtensions/aed3e2b6-ec04-ed11-ba48-f40343d02ec8":[],"dataExtensions/9c8b44c7-9565-ed11-ba55-f40343ce89d0":[],"dataExtensions/eb1177a4-605f-ed11-ba55-f40343ce89d0":[],"categories/8489":[],"dataExtensions/5581e964-ab5e-ed11-ba55-f40343ce89d0":[],"dataExtensions/0a5fe31c-ef04-ed11-ba48-f40343d02ec8":[],"dataExtensions/6f4d45b0-485c-ed11-ba55-f40343ce89d0":[{"identifier":"categories/40965","relationship":"required"}],"dataExtensions/c329c7b1-ef04-ed11-ba48-f40343d02ec8":[],"categories/8473":[]}